{"best_conf": 0.5, "best_map": 0.4381519959717293, "all": {"0.05": 0.11068918759186068, "0.1": 0.17047278327814028, "0.15": 0.21906877247582326, "0.2": 0.2609811017628755, "0.25": 0.29847543379116137, "0.3": 0.33228459585381687, "0.35": 0.3641043331835846, "0.4": 0.3878379573779095, "0.45": 0.41249683112264934, "0.5": 0.4381519959717293}}